PEGE_DOCUMENTOIDENTIDAD,PROG_CODIGOICFES,PERIODO,PENG_PRIMERNOMBRE,PENG_PRIMERAPELLIDO,PENG_SEGUNDONOMBRE,PENG_SEGUNDOAPELLIDO,PEGE_MAIL,PEGE_TELEFONOCELULAR,PEGE_TELEFONO,ESTP_FECHAINGRESO,ESTP_CODIGOMATRICULA,ESTP_ID,FRAN_DESCRIPCION,UNID_NOMBRE,MAAC_PROMEDIO,ESTP_PROMEDIOGENERAL,CATE_DESCRIPCION,tipodocumento,fechanacimiento,genero
1314392887,10926,2018-2,PAULA,HERNANDEZ,FERNANDO,VEGA,paula.hernandez1@correo.edu.co,3911054782,6071082068,13/07/2018,2018-02,ECM-20182-001,NOCTURNA,CENTRO,4.8,4.7,INSCRITO,CC,11/03/1996,M
1632713477,10926,2022-2,JORGE,GUTIERREZ,HUGO,PALACIOS,jorge.gutierrez2@correo.edu.co,3494730922,6072194384,10/07/2022,2022-02,ECM-20222-002,DIURNA,CENTRO,3.9,2.6,INSCRITO,CC,01/07/2000,M
1381896116,10925,2023-2,PEDRO,MORENO,MARCELA,REYES,pedro.moreno3@correo.edu.co,3488568507,6072500021,01/07/2023,2023-02,ECM-20232-003,NOCTURNA,NORTE,4.7,3.4,INSCRITO,CC,08/04/1995,M
1612849076,10922,2024-1,HECTOR,VARGAS,ELENA,DELGADO,hector.vargas4@correo.edu.co,3597257384,6074658007,04/02/2024,2024-01,ECM-20241-004,NOCTURNA,SUR,4.7,2.8,ACTIVO,CC,31/03/1999,M
1207426722,10922,2021-2,MONICA,HERNANDEZ,PATRICIA,MENDOZA,monica.hernandez5@correo.edu.co,3495854548,6076729053,01/07/2021,2021-02,ECM-20212-005,NOCTURNA,NORTE,4.7,3.1,INSCRITO,CC,31/08/2000,F
1852326235,10925,2021-1,IVAN,TORRES,ENRIQUE,HERRERA,ivan.torres6@correo.edu.co,3743031669,6077347512,02/02/2021,2021-01,ECM-20211-006,DIURNA,CENTRO,3.6,4.9,ACTIVO,CC,28/04/2002,M
1471491553,10923,2023-1,NATALIA,GUTIERREZ,TERESA,CRUZ,natalia.gutierrez7@correo.edu.co,3168308759,6079863124,15/02/2023,2023-01,ECM-20231-007,DIURNA,SUR,3.3,2.7,MATRICULADO,CC,02/12/1996,M
1764381833,18271,2021-2,ANDRES,DIAZ,MAURICIO,ORTEGA,andres.diaz8@correo.edu.co,3786830825,6073694012,15/07/2021,2021-02,ECM-20212-008,SABATINA,SUR,3.3,4.6,MATRICULADO,CC,25/01/2003,F
1066845535,10922,2020-2,PEDRO,RUIZ,CRISTINA,REYES,pedro.ruiz9@correo.edu.co,3262714656,6072767071,08/07/2020,2020-02,ECM-20202-009,DIURNA,SUR,3.0,4.5,INSCRITO,CC,02/07/1999,F
1236003527,10926,2020-2,JUAN,MORENO,ERNESTO,MOLINA,juan.moreno10@correo.edu.co,3380009542,6076535490,02/07/2020,2020-02,ECM-20202-010,NOCTURNA,NORTE,4.3,3.5,ACTIVO,CC,01/12/1995,M
1815279982,18272,2021-2,JUAN,MARTINEZ,MARCELA,NIETO,juan.martinez11@correo.edu.co,3283227340,6078098158,10/07/2021,2021-02,ECM-20212-011,SABATINA,PRINCIPAL,2.7,2.6,INSCRITO,CC,18/04/1996,M
1661130284,10922,2018-1,LORENA,GOMEZ,GUILLERMO,CRUZ,lorena.gomez12@correo.edu.co,3791122385,6071910549,14/02/2018,2018-01,ECM-20181-012,DIURNA,PRINCIPAL,4.3,3.2,MATRICULADO,CC,01/09/1998,F
1726027368,10922,2022-1,MONICA,VARGAS,BEATRIZ,VEGA,monica.vargas13@correo.edu.co,3513440355,6075089293,11/02/2022,2022-01,ECM-20221-013,SABATINA,NORTE,2.7,3.8,INSCRITO,CC,19/09/1997,F
1489656698,18272,2024-1,LORENA,GARCIA,JOSE,CRUZ,lorena.garcia14@correo.edu.co,3697277157,6071056033,11/02/2024,2024-01,ECM-20241-014,SABATINA,SUR,3.4,3.2,ACTIVO,CC,18/02/2000,F
1225587895,18272,2018-2,DAVID,GOMEZ,ISABEL,QUINTERO,david.gomez15@correo.edu.co,3789994752,6076981854,12/07/2018,2018-02,ECM-20182-015,SABATINA,SUR,3.5,2.7,INSCRITO,CC,19/02/2002,F
1819638585,10926,2019-1,PAULA,JIMENEZ,TERESA,RIOS,paula.jimenez16@correo.edu.co,3460460832,6074926437,06/02/2019,2019-01,ECM-20191-016,NOCTURNA,SUR,4.8,3.3,INSCRITO,CC,28/02/2001,F
1161736215,10926,2023-2,OSCAR,LOPEZ,MARCELA,VEGA,oscar.lopez17@correo.edu.co,3858094762,6078880136,14/07/2023,2023-02,ECM-20232-017,NOCTURNA,PRINCIPAL,4.8,2.6,MATRICULADO,CC,26/11/1995,F
1773257272,10925,2018-2,MARIA,SANCHEZ,ELENA,SUAREZ,maria.sanchez18@correo.edu.co,3545612559,6078402431,14/07/2018,2018-02,ECM-20182-018,NOCTURNA,NORTE,3.6,4.8,ACTIVO,CC,24/04/2001,M
1207830562,10926,2020-1,CAROLINA,RAMIREZ,CRISTINA,ORTEGA,carolina.ramirez19@correo.edu.co,3203429025,6075082825,09/02/2020,2020-01,ECM-20201-019,SABATINA,PRINCIPAL,3.3,4.1,ACTIVO,CC,28/08/2001,F
1752057014,10922,2020-1,MONICA,MORENO,CLAUDIA,ROJAS,monica.moreno20@correo.edu.co,3633626114,6076724958,12/02/2020,2020-01,ECM-20201-020,NOCTURNA,SUR,2.7,3.2,INSCRITO,CC,03/06/2001,M
1307320847,10929,2023-1,LUIS,SANCHEZ,TERESA,RAMOS,luis.sanchez21@correo.edu.co,3358495367,6078289282,04/02/2023,2023-01,ECM-20231-021,DIURNA,CENTRO,2.8,4.1,ACTIVO,CC,06/08/1998,F
1790805096,10923,2021-1,FELIPE,MEDINA,CRISTINA,VEGA,felipe.medina22@correo.edu.co,3113848276,6078190582,13/02/2021,2021-01,ECM-20211-022,NOCTURNA,SUR,4.8,4.0,MATRICULADO,CC,27/03/1999,F
1133144271,18272,2019-2,CARLOS,MARTINEZ,EDUARDO,MOLINA,carlos.martinez23@correo.edu.co,3200352370,6072582073,13/07/2019,2019-02,ECM-20192-023,DIURNA,CENTRO,3.7,3.1,ACTIVO,CC,17/03/1997,F
1125543243,18272,2022-1,PEDRO,DIAZ,PATRICIA,DELGADO,pedro.diaz24@correo.edu.co,3643228870,6072099608,02/02/2022,2022-01,ECM-20221-024,NOCTURNA,CENTRO,4.2,4.3,MATRICULADO,CC,24/07/1995,M
1384616163,10929,2023-1,JORGE,ROMERO,CLAUDIA,CRUZ,jorge.romero25@correo.edu.co,3954299889,6073909307,12/02/2023,2023-01,ECM-20231-025,DIURNA,SUR,3.5,2.9,MATRICULADO,CC,08/10/1996,M
1333560544,10922,2021-2,VALENTINA,GUTIERREZ,MARCELA,SILVA,valentina.gutierrez26@correo.edu.co,3222854206,6076531240,07/07/2021,2021-02,ECM-20212-026,SABATINA,NORTE,3.0,3.7,ACTIVO,CC,09/12/1997,M
1649211148,10929,2023-1,RICARDO,RUIZ,JOSE,QUINTERO,ricardo.ruiz27@correo.edu.co,3719888717,6073663112,06/02/2023,2023-01,ECM-20231-027,SABATINA,CENTRO,3.4,3.5,INSCRITO,CC,08/07/1999,F
1150742676,10929,2023-2,CAROLINA,CASTRO,VICTORIA,MENDOZA,carolina.castro28@correo.edu.co,3744818917,6079640310,04/07/2023,2023-02,ECM-20232-028,NOCTURNA,CENTRO,3.5,3.3,MATRICULADO,CC,27/01/1997,F
1401471090,10922,2019-2,CAROLINA,GOMEZ,JOSE,NIETO,carolina.gomez29@correo.edu.co,3752848757,6073551182,08/07/2019,2019-02,ECM-20192-029,SABATINA,PRINCIPAL,4.8,2.7,INSCRITO,CC,11/11/1995,F
1201593162,18272,2019-2,NATALIA,TORRES,CLAUDIA,RIOS,natalia.torres30@correo.edu.co,3654710793,6076085516,10/07/2019,2019-02,ECM-20192-030,SABATINA,NORTE,3.5,4.1,ACTIVO,CC,21/08/1997,F
1210735972,18271,2020-1,JULIAN,GARCIA,BEATRIZ,RIOS,julian.garcia31@correo.edu.co,3920673414,6076408896,14/02/2020,2020-01,ECM-20201-031,NOCTURNA,NORTE,3.6,2.5,ACTIVO,CC,23/07/2003,M
1705333171,18272,2018-1,OSCAR,TORRES,PATRICIA,QUINTERO,oscar.torres32@correo.edu.co,3913705203,6071894894,01/02/2018,2018-01,ECM-20181-032,NOCTURNA,PRINCIPAL,2.8,3.7,MATRICULADO,CC,24/07/2000,M
1403754858,10929,2019-1,LORENA,ALVAREZ,MARCELA,RIOS,lorena.alvarez33@correo.edu.co,3690437012,6072166724,08/02/2019,2019-01,ECM-20191-033,SABATINA,PRINCIPAL,2.7,2.5,INSCRITO,CC,05/03/1997,F
1637666072,10922,2019-1,ANDRES,GOMEZ,ISABEL,QUINTERO,andres.gomez34@correo.edu.co,3347006210,6078751753,12/02/2019,2019-01,ECM-20191-034,NOCTURNA,NORTE,4.2,3.8,MATRICULADO,CC,10/11/2001,M
1810335613,10925,2019-1,ANDRES,VARGAS,RODRIGO,VILLAMIZAR,andres.vargas35@correo.edu.co,3207267530,6071368100,12/02/2019,2019-01,ECM-20191-035,NOCTURNA,PRINCIPAL,3.1,4.5,INSCRITO,CC,25/11/1995,M
1006460399,18272,2021-2,DAVID,LOPEZ,RODRIGO,MOLINA,david.lopez36@correo.edu.co,3659463238,6074833560,09/07/2021,2021-02,ECM-20212-036,NOCTURNA,CENTRO,3.4,4.5,MATRICULADO,CC,02/10/2000,F
1553671014,10929,2022-2,LAURA,VARGAS,MARCELA,NIETO,laura.vargas37@correo.edu.co,3416084957,6074852708,11/07/2022,2022-02,ECM-20222-037,SABATINA,CENTRO,4.6,3.4,ACTIVO,CC,26/12/2003,M
1826903212,10926,2023-2,RICARDO,TORRES,ISABEL,CRUZ,ricardo.torres38@correo.edu.co,3256813768,6076161879,14/07/2023,2023-02,ECM-20232-038,SABATINA,SUR,4.2,3.4,MATRICULADO,CC,16/09/1999,F
1396097861,18272,2020-2,CAMILA,MORENO,ELENA,NIETO,camila.moreno39@correo.edu.co,3565833690,6078953081,02/07/2020,2020-02,ECM-20202-039,NOCTURNA,SUR,2.8,2.9,MATRICULADO,CC,22/07/2003,M
1868479851,10924,2022-1,PAULA,SANCHEZ,MARCELA,CRUZ,paula.sanchez40@correo.edu.co,3178271821,6077956935,02/02/2022,2022-01,ECM-20221-040,NOCTURNA,PRINCIPAL,4.6,3.6,ACTIVO,CC,06/12/1996,M
1727604142,10925,2020-1,DIANA,VARGAS,BEATRIZ,HERRERA,diana.vargas41@correo.edu.co,3760133418,6078276144,04/02/2020,2020-01,ECM-20201-041,DIURNA,NORTE,3.3,2.9,ACTIVO,CC,24/12/1999,M
1280295177,10922,2020-1,PEDRO,JIMENEZ,ERNESTO,SUAREZ,pedro.jimenez42@correo.edu.co,3817886415,6077461728,14/02/2020,2020-01,ECM-20201-042,DIURNA,PRINCIPAL,4.5,4.2,INSCRITO,CC,05/01/1996,M
1709771337,10924,2024-1,ANDREA,RAMIREZ,CRISTINA,HERRERA,andrea.ramirez43@correo.edu.co,3579328722,6076815668,08/02/2024,2024-01,ECM-20241-043,NOCTURNA,CENTRO,2.6,2.9,MATRICULADO,CC,06/04/2001,M
1715956298,10923,2019-1,CARLOS,CASTRO,BEATRIZ,ACOSTA,carlos.castro44@correo.edu.co,3109344297,6073696648,14/02/2019,2019-01,ECM-20191-044,NOCTURNA,SUR,4.4,3.3,ACTIVO,CC,09/12/1999,F
1030483242,10929,2018-1,MONICA,GARCIA,CRISTINA,RIOS,monica.garcia45@correo.edu.co,3285148554,6077639194,13/02/2018,2018-01,ECM-20181-045,DIURNA,SUR,4.1,4.2,INSCRITO,CC,22/03/1995,F
1334713375,18271,2022-2,CAROLINA,MORENO,PATRICIA,HERRERA,carolina.moreno46@correo.edu.co,3314226508,6073869511,04/07/2022,2022-02,ECM-20222-046,SABATINA,PRINCIPAL,4.4,4.9,INSCRITO,CC,23/11/2003,M
1064892428,10926,2024-1,ANDRES,MEDINA,JOSE,REYES,andres.medina47@correo.edu.co,3886724645,6078896523,08/02/2024,2024-01,ECM-20241-047,NOCTURNA,PRINCIPAL,3.4,3.5,INSCRITO,CC,08/11/1999,M
1506087783,10922,2019-1,VALENTINA,ALVAREZ,CRISTINA,SUAREZ,valentina.alvarez48@correo.edu.co,3540911451,6078719199,05/02/2019,2019-01,ECM-20191-048,SABATINA,NORTE,3.7,3.9,ACTIVO,CC,29/11/2001,M
1335494372,10925,2018-1,NATALIA,LOPEZ,HUGO,NIETO,natalia.lopez49@correo.edu.co,3762257807,6076476850,05/02/2018,2018-01,ECM-20181-049,SABATINA,SUR,3.1,3.6,ACTIVO,CC,29/07/1997,M
1452573599,10924,2023-1,PAULA,GUTIERREZ,MAURICIO,HERRERA,paula.gutierrez50@correo.edu.co,3936571056,6077927434,06/02/2023,2023-01,ECM-20231-050,SABATINA,CENTRO,2.6,2.8,MATRICULADO,CC,20/01/2001,M
1304151267,10923,2024-1,ANDREA,PEREZ,FERNANDO,MORA,andrea.perez51@correo.edu.co,3286316438,6078665747,15/02/2024,2024-01,ECM-20241-051,SABATINA,NORTE,4.5,4.9,INSCRITO,CC,21/06/1997,M
1495003384,10926,2023-1,MARIA,ROMERO,GUILLERMO,VILLAMIZAR,maria.romero52@correo.edu.co,3455403504,6075389759,02/02/2023,2023-01,ECM-20231-052,DIURNA,CENTRO,4.0,4.4,MATRICULADO,CC,23/05/1996,M
1089444921,10925,2022-2,CAMILA,RODRIGUEZ,ALBERTO,MOLINA,camila.rodriguez53@correo.edu.co,3158629427,6072618961,05/07/2022,2022-02,ECM-20222-053,DIURNA,CENTRO,4.7,4.4,INSCRITO,CC,26/02/2002,F
1677903238,10926,2023-2,DANIELA,RUIZ,CRISTINA,SUAREZ,daniela.ruiz54@correo.edu.co,3416446028,6074153204,10/07/2023,2023-02,ECM-20232-054,SABATINA,CENTRO,3.4,3.3,INSCRITO,CC,22/08/2001,M
1429537676,10925,2023-2,IVAN,VARGAS,FERNANDO,RIOS,ivan.vargas55@correo.edu.co,3174414369,6074861861,03/07/2023,2023-02,ECM-20232-055,NOCTURNA,CENTRO,3.4,4.2,ACTIVO,CC,28/05/1997,F
1256670440,10922,2021-2,JULIAN,GUTIERREZ,ENRIQUE,MORA,julian.gutierrez56@correo.edu.co,3976531021,6073280199,03/07/2021,2021-02,ECM-20212-056,SABATINA,NORTE,3.4,3.6,INSCRITO,CC,08/03/2001,M
1619215530,10923,2023-2,OSCAR,GUTIERREZ,VICTORIA,QUINTERO,oscar.gutierrez57@correo.edu.co,3814497959,6072147470,06/07/2023,2023-02,ECM-20232-057,SABATINA,CENTRO,3.8,3.6,INSCRITO,CC,21/06/1999,F
1707736588,18271,2022-1,ALEJANDRO,VARGAS,ELENA,BLANCO,alejandro.vargas58@correo.edu.co,3615504586,6075095756,03/02/2022,2022-01,ECM-20221-058,NOCTURNA,CENTRO,4.6,2.9,ACTIVO,CC,07/06/1999,F
1075042238,18272,2023-2,JULIAN,GOMEZ,ERNESTO,MORA,julian.gomez59@correo.edu.co,3540042395,6072091132,08/07/2023,2023-02,ECM-20232-059,SABATINA,NORTE,2.8,4.0,MATRICULADO,CC,25/03/2002,M
1852706189,10922,2018-2,OSCAR,LOPEZ,CRISTINA,ROJAS,oscar.lopez60@correo.edu.co,3130702906,6076049752,01/07/2018,2018-02,ECM-20182-060,NOCTURNA,CENTRO,3.6,4.9,MATRICULADO,CC,24/05/2000,M
1308067702,18271,2020-1,NATALIA,VARGAS,RODRIGO,NIETO,natalia.vargas61@correo.edu.co,3589864335,6072233784,08/02/2020,2020-01,ECM-20201-061,NOCTURNA,PRINCIPAL,2.6,2.9,ACTIVO,CC,24/06/2001,F
1371271259,18272,2022-1,ALEJANDRO,JIMENEZ,MAURICIO,BLANCO,alejandro.jimenez62@correo.edu.co,3365996281,6071848142,05/02/2022,2022-01,ECM-20221-062,SABATINA,CENTRO,3.2,4.2,INSCRITO,CC,05/06/1995,F
1088636960,18272,2019-2,ANA,JIMENEZ,VICTORIA,NIETO,ana.jimenez63@correo.edu.co,3612076692,6072315356,06/07/2019,2019-02,ECM-20192-063,SABATINA,NORTE,3.5,4.3,MATRICULADO,CC,23/11/1999,M
1834449668,10924,2020-1,PAULA,GUTIERREZ,EDUARDO,SILVA,paula.gutierrez64@correo.edu.co,3445587644,6073568647,11/02/2020,2020-01,ECM-20201-064,NOCTURNA,NORTE,3.0,4.8,INSCRITO,CC,26/01/1997,M
1143605516,10923,2018-2,OSCAR,PEREZ,CRISTINA,PALACIOS,oscar.perez65@correo.edu.co,3136741761,6076556300,03/07/2018,2018-02,ECM-20182-065,NOCTURNA,SUR,2.9,3.1,INSCRITO,CC,18/06/2000,M
1090410528,18271,2019-2,NATALIA,PEREZ,JOSE,ORTEGA,natalia.perez66@correo.edu.co,3694148774,6076790962,14/07/2019,2019-02,ECM-20192-066,DIURNA,PRINCIPAL,2.9,2.6,ACTIVO,CC,27/05/1995,M
1223942462,10925,2021-1,LAURA,ALVAREZ,LUCIA,MOLINA,laura.alvarez67@correo.edu.co,3922789500,6077365960,10/02/2021,2021-01,ECM-20211-067,NOCTURNA,PRINCIPAL,4.5,2.5,ACTIVO,CC,08/04/1997,M
1004636634,10923,2018-1,JUAN,HERNANDEZ,MAURICIO,RAMOS,juan.hernandez68@correo.edu.co,3312750320,6079001803,13/02/2018,2018-01,ECM-20181-068,NOCTURNA,PRINCIPAL,4.2,4.2,ACTIVO,CC,13/10/2003,F
1567756050,10923,2022-2,DANIELA,GUTIERREZ,HUGO,NIETO,daniela.gutierrez69@correo.edu.co,3110755806,6072391987,15/07/2022,2022-02,ECM-20222-069,DIURNA,NORTE,3.2,2.5,INSCRITO,CC,12/07/2000,M
1291571001,10923,2024-1,ANDREA,DIAZ,CLAUDIA,MORA,andrea.diaz70@correo.edu.co,3661795796,6078430198,05/02/2024,2024-01,ECM-20241-070,NOCTURNA,SUR,2.7,4.1,INSCRITO,CC,17/02/2003,F
1818079228,10922,2018-1,PAULA,TORRES,ALBERTO,VEGA,paula.torres71@correo.edu.co,3172018920,6073817522,08/02/2018,2018-01,ECM-20181-071,NOCTURNA,SUR,4.7,4.0,MATRICULADO,CC,29/12/1995,M
1505661191,18271,2019-2,OSCAR,ROMERO,GUILLERMO,ACOSTA,oscar.romero72@correo.edu.co,3572588568,6072291141,14/07/2019,2019-02,ECM-20192-072,SABATINA,NORTE,4.2,4.9,INSCRITO,CC,25/08/2001,M
1837125322,18272,2020-2,MARIA,MARTINEZ,ERNESTO,MORA,maria.martinez73@correo.edu.co,3470242602,6077672712,11/07/2020,2020-02,ECM-20202-073,DIURNA,PRINCIPAL,4.0,3.1,MATRICULADO,CC,10/06/1999,F
1578879158,10926,2019-1,LAURA,MARTINEZ,ALBERTO,VEGA,laura.martinez74@correo.edu.co,3927839066,6072906858,01/02/2019,2019-01,ECM-20191-074,SABATINA,NORTE,2.8,2.9,INSCRITO,CC,22/07/1995,M
1734992279,10924,2021-1,VALENTINA,PEREZ,MAURICIO,VEGA,valentina.perez75@correo.edu.co,3878544667,6073234418,03/02/2021,2021-01,ECM-20211-075,NOCTURNA,PRINCIPAL,3.0,3.2,MATRICULADO,CC,01/03/1997,F
1105231565,10925,2023-2,SERGIO,GARCIA,ENRIQUE,SUAREZ,sergio.garcia76@correo.edu.co,3836986474,6079047490,08/07/2023,2023-02,ECM-20232-076,DIURNA,PRINCIPAL,4.9,4.7,INSCRITO,CC,26/06/2000,M
1689198080,10923,2021-2,SEBASTIAN,JIMENEZ,ISABEL,ACOSTA,sebastian.jimenez77@correo.edu.co,3490419563,6071971477,08/07/2021,2021-02,ECM-20212-077,SABATINA,CENTRO,4.3,4.8,INSCRITO,CC,02/02/1999,F
1544854697,10924,2023-2,JUAN,RODRIGUEZ,EDUARDO,MOLINA,juan.rodriguez78@correo.edu.co,3955303786,6073536188,07/07/2023,2023-02,ECM-20232-078,NOCTURNA,PRINCIPAL,4.8,4.1,ACTIVO,CC,10/05/2003,F
1688080341,18272,2022-1,JORGE,GARCIA,LUCIA,ROJAS,jorge.garcia79@correo.edu.co,3490185838,6079394803,01/02/2022,2022-01,ECM-20221-079,SABATINA,CENTRO,3.4,3.6,ACTIVO,CC,19/06/2002,M
1137285267,10923,2022-1,CAMILA,HERNANDEZ,CLAUDIA,VEGA,camila.hernandez80@correo.edu.co,3703550802,6074199358,02/02/2022,2022-01,ECM-20221-080,NOCTURNA,CENTRO,3.1,4.6,ACTIVO,CC,14/01/2001,F
1820636285,10924,2024-1,ANDRES,GARCIA,HUGO,SILVA,andres.garcia81@correo.edu.co,3880122971,6077842679,02/02/2024,2024-01,ECM-20241-081,DIURNA,NORTE,4.0,4.2,ACTIVO,CC,20/02/1999,F
1823239706,10923,2024-1,DANIELA,MORENO,MAURICIO,QUINTERO,daniela.moreno82@correo.edu.co,3623895456,6072804677,15/02/2024,2024-01,ECM-20241-082,SABATINA,SUR,4.7,3.4,INSCRITO,CC,04/01/2001,F
1559407292,10926,2019-1,SANTIAGO,MARTINEZ,ENRIQUE,RIOS,santiago.martinez83@correo.edu.co,3951733588,6074315043,07/02/2019,2019-01,ECM-20191-083,SABATINA,CENTRO,3.0,4.2,MATRICULADO,CC,30/11/1997,F
1689304439,10922,2023-1,DAVID,RAMIREZ,FERNANDO,BLANCO,david.ramirez84@correo.edu.co,3724291777,6072327202,12/02/2023,2023-01,ECM-20231-084,NOCTURNA,SUR,3.4,4.6,ACTIVO,CC,31/01/2000,F
1524616518,10925,2023-2,DAVID,DIAZ,ENRIQUE,QUINTERO,david.diaz85@correo.edu.co,3198110187,6071977543,07/07/2023,2023-02,ECM-20232-085,NOCTURNA,NORTE,4.3,2.6,INSCRITO,CC,23/04/2001,F
1275959597,10922,2024-1,SANTIAGO,MORENO,LUCIA,DELGADO,santiago.moreno86@correo.edu.co,3982423625,6079733274,05/02/2024,2024-01,ECM-20241-086,DIURNA,NORTE,2.6,4.1,INSCRITO,CC,19/03/2002,F
1661939160,10925,2023-2,CAROLINA,MARTINEZ,LUCIA,VEGA,carolina.martinez87@correo.edu.co,3611625912,6078572346,12/07/2023,2023-02,ECM-20232-087,NOCTURNA,NORTE,4.3,2.5,ACTIVO,CC,02/02/2001,M
1803920403,10924,2018-2,ANA,MARTINEZ,ELENA,SILVA,ana.martinez88@correo.edu.co,3788643659,6073090618,04/07/2018,2018-02,ECM-20182-088,SABATINA,PRINCIPAL,4.3,3.0,MATRICULADO,CC,24/02/1995,M
1419686900,10926,2023-1,LUIS,SANCHEZ,RODRIGO,VILLAMIZAR,luis.sanchez89@correo.edu.co,3689478911,6077879634,12/02/2023,2023-01,ECM-20231-089,NOCTURNA,SUR,3.6,4.8,MATRICULADO,CC,16/02/2002,M
1793903138,10923,2020-2,RICARDO,RUIZ,EDUARDO,RAMOS,ricardo.ruiz90@correo.edu.co,3231474788,6078264462,05/07/2020,2020-02,ECM-20202-090,NOCTURNA,SUR,4.3,3.4,MATRICULADO,CC,22/02/2001,M
1800903962,10923,2021-2,ANDREA,SANCHEZ,ERNESTO,RAMOS,andrea.sanchez91@correo.edu.co,3188893791,6072389580,11/07/2021,2021-02,ECM-20212-091,NOCTURNA,NORTE,4.9,2.6,ACTIVO,CC,13/03/1996,F
1068811633,10925,2023-1,FELIPE,ROMERO,ALBERTO,RIOS,felipe.romero92@correo.edu.co,3908799489,6073032623,02/02/2023,2023-01,ECM-20231-092,NOCTURNA,PRINCIPAL,2.9,3.3,INSCRITO,CC,08/07/1997,F
1558686175,10929,2023-2,MONICA,VARGAS,FERNANDO,REYES,monica.vargas93@correo.edu.co,3813007052,6074070346,10/07/2023,2023-02,ECM-20232-093,SABATINA,SUR,4.2,4.2,INSCRITO,CC,23/04/1998,F
1096943291,10922,2023-1,JULIAN,MEDINA,ELENA,VEGA,julian.medina94@correo.edu.co,3391490245,6072827192,02/02/2023,2023-01,ECM-20231-094,DIURNA,CENTRO,3.8,2.9,INSCRITO,CC,18/06/1997,M
1067106876,10926,2019-1,FELIPE,MARTINEZ,VICTORIA,RAMOS,felipe.martinez95@correo.edu.co,3176977701,6071781757,14/02/2019,2019-01,ECM-20191-095,SABATINA,PRINCIPAL,2.9,2.8,MATRICULADO,CC,07/09/1997,F
1773319109,18271,2018-1,ANA,MEDINA,MARCELA,QUINTERO,ana.medina96@correo.edu.co,3364281079,6079693108,06/02/2018,2018-01,ECM-20181-096,DIURNA,NORTE,4.7,3.8,MATRICULADO,CC,27/05/1999,M
1052924003,18272,2023-1,MARIA,CASTRO,HUGO,VILLAMIZAR,maria.castro97@correo.edu.co,3641568698,6078417700,08/02/2023,2023-01,ECM-20231-097,SABATINA,PRINCIPAL,4.0,3.0,INSCRITO,CC,09/07/2002,M
1812207884,10924,2022-2,VALENTINA,VARGAS,JOSE,MENDOZA,valentina.vargas98@correo.edu.co,3723025397,6073834932,10/07/2022,2022-02,ECM-20222-098,DIURNA,NORTE,4.8,3.6,MATRICULADO,CC,07/10/1997,M
1394835208,18272,2022-2,PEDRO,MARTINEZ,FERNANDO,HERRERA,pedro.martinez99@correo.edu.co,3121450517,6079846822,01/07/2022,2022-02,ECM-20222-099,SABATINA,PRINCIPAL,4.1,3.6,INSCRITO,CC,09/02/1998,M
1135515570,10929,2023-1,LAURA,MARTINEZ,ALBERTO,REYES,laura.martinez100@correo.edu.co,3339192792,6079318671,03/02/2023,2023-01,ECM-20231-100,NOCTURNA,SUR,4.0,3.5,MATRICULADO,CC,02/08/1998,M
1227961256,10929,2019-2,FELIPE,RUIZ,GUILLERMO,SUAREZ,felipe.ruiz101@correo.edu.co,3654145350,6079167831,06/07/2019,2019-02,ECM-20192-101,DIURNA,SUR,3.7,3.5,ACTIVO,CC,24/04/1995,F
1385755892,10922,2019-1,FELIPE,GUTIERREZ,ELENA,ROJAS,felipe.gutierrez102@correo.edu.co,3940857267,6075625029,10/02/2019,2019-01,ECM-20191-102,DIURNA,PRINCIPAL,4.4,4.7,MATRICULADO,CC,15/06/1995,M
1170727421,10926,2019-1,PEDRO,HERNANDEZ,CRISTINA,MORA,pedro.hernandez103@correo.edu.co,3407026998,6076929575,07/02/2019,2019-01,ECM-20191-103,NOCTURNA,NORTE,3.5,3.1,MATRICULADO,CC,13/09/1999,M
1397913953,18272,2022-2,IVAN,GOMEZ,ERNESTO,REYES,ivan.gomez104@correo.edu.co,3756829197,6072846958,13/07/2022,2022-02,ECM-20222-104,DIURNA,SUR,3.8,3.8,MATRICULADO,CC,27/09/1998,F
1718497713,18271,2019-1,ANDRES,GUTIERREZ,CLAUDIA,ORTEGA,andres.gutierrez105@correo.edu.co,3360112873,6071757952,09/02/2019,2019-01,ECM-20191-105,NOCTURNA,NORTE,4.9,3.0,INSCRITO,CC,28/05/2003,M
1405768035,10923,2023-2,IVAN,TORRES,CLAUDIA,NIETO,ivan.torres106@correo.edu.co,3220233425,6077087597,07/07/2023,2023-02,ECM-20232-106,DIURNA,NORTE,3.1,3.6,MATRICULADO,CC,06/08/2002,F
1367321677,10923,2021-1,HECTOR,ALVAREZ,FERNANDO,CRUZ,hector.alvarez107@correo.edu.co,3311670275,6077298915,13/02/2021,2021-01,ECM-20211-107,DIURNA,SUR,2.8,2.5,ACTIVO,CC,22/02/2002,F
1377561634,10925,2020-1,ANDRES,TORRES,CRISTINA,CRUZ,andres.torres108@correo.edu.co,3806682111,6073689908,15/02/2020,2020-01,ECM-20201-108,DIURNA,PRINCIPAL,3.8,4.2,ACTIVO,CC,27/06/1997,M
1364939976,10929,2020-2,PEDRO,SANCHEZ,JOSE,DELGADO,pedro.sanchez109@correo.edu.co,3747915372,6078005131,01/07/2020,2020-02,ECM-20202-109,NOCTURNA,PRINCIPAL,2.9,3.2,INSCRITO,CC,07/10/2001,F
1784657927,18272,2019-1,ANDRES,VARGAS,ISABEL,ROJAS,andres.vargas110@correo.edu.co,3626611278,6078201131,03/02/2019,2019-01,ECM-20191-110,SABATINA,CENTRO,3.9,4.2,MATRICULADO,CC,07/07/2002,F
1445524694,10925,2021-1,ALEJANDRO,SANCHEZ,PATRICIA,MOLINA,alejandro.sanchez111@correo.edu.co,3826190332,6076206813,09/02/2021,2021-01,ECM-20211-111,DIURNA,CENTRO,3.1,2.7,MATRICULADO,CC,28/04/2000,F
1366236418,10925,2018-2,ANA,DIAZ,ERNESTO,MENDOZA,ana.diaz112@correo.edu.co,3374350006,6075516913,08/07/2018,2018-02,ECM-20182-112,DIURNA,SUR,4.3,2.7,INSCRITO,CC,01/06/2000,F
1300891859,10924,2023-2,HECTOR,GUTIERREZ,HUGO,MENDOZA,hector.gutierrez113@correo.edu.co,3885029969,6073823937,03/07/2023,2023-02,ECM-20232-113,NOCTURNA,NORTE,3.6,4.9,INSCRITO,CC,02/06/1998,M
1362943180,10925,2019-1,PEDRO,GUTIERREZ,TERESA,REYES,pedro.gutierrez114@correo.edu.co,3310068873,6073371144,13/02/2019,2019-01,ECM-20191-114,NOCTURNA,SUR,4.1,2.8,INSCRITO,CC,12/04/1999,F
1451189586,18271,2021-1,RICARDO,ROMERO,JOSE,MENDOZA,ricardo.romero115@correo.edu.co,3686651996,6072152048,10/02/2021,2021-01,ECM-20211-115,DIURNA,SUR,2.6,4.5,ACTIVO,CC,08/08/1997,F
1142599435,10923,2022-2,MONICA,GOMEZ,ALBERTO,VILLAMIZAR,monica.gomez116@correo.edu.co,3863261288,6072051558,01/07/2022,2022-02,ECM-20222-116,NOCTURNA,PRINCIPAL,2.8,2.6,ACTIVO,CC,13/07/2001,F
1437935996,10925,2019-2,CARLOS,MARTINEZ,CLAUDIA,REYES,carlos.martinez117@correo.edu.co,3993474918,6078787715,01/07/2019,2019-02,ECM-20192-117,DIURNA,CENTRO,3.0,2.9,ACTIVO,CC,01/01/1995,M
1265365289,10929,2021-1,LORENA,CASTRO,MAURICIO,MOLINA,lorena.castro118@correo.edu.co,3790605292,6071377409,10/02/2021,2021-01,ECM-20211-118,NOCTURNA,PRINCIPAL,3.2,4.6,INSCRITO,CC,14/09/2002,F
1227619480,10924,2020-1,LORENA,PEREZ,MAURICIO,REYES,lorena.perez119@correo.edu.co,3535827547,6075443086,06/02/2020,2020-01,ECM-20201-119,DIURNA,NORTE,3.0,4.5,INSCRITO,CC,19/09/1996,F
1204868624,10926,2020-2,OSCAR,MORENO,ERNESTO,BLANCO,oscar.moreno120@correo.edu.co,3587584382,6076663021,03/07/2020,2020-02,ECM-20202-120,SABATINA,NORTE,3.0,3.1,INSCRITO,CC,27/12/2003,F
1054112869,10925,2024-1,CAROLINA,MORENO,GUILLERMO,ORTEGA,carolina.moreno121@correo.edu.co,3657658637,6077829103,15/02/2024,2024-01,ECM-20241-121,DIURNA,NORTE,2.9,2.8,INSCRITO,CC,27/08/1998,F
1537382833,10926,2021-1,ANDRES,VARGAS,EDUARDO,DELGADO,andres.vargas122@correo.edu.co,3652405135,6073901018,06/02/2021,2021-01,ECM-20211-122,DIURNA,SUR,3.6,4.2,ACTIVO,CC,25/05/1997,F
1196564272,10923,2018-1,DAVID,SANCHEZ,PATRICIA,DELGADO,david.sanchez123@correo.edu.co,3919373401,6076464840,06/02/2018,2018-01,ECM-20181-123,NOCTURNA,NORTE,4.4,4.0,ACTIVO,CC,23/10/2000,F
1829694284,10925,2019-1,LORENA,GARCIA,CLAUDIA,ROJAS,lorena.garcia124@correo.edu.co,3786465177,6076223129,06/02/2019,2019-01,ECM-20191-124,SABATINA,PRINCIPAL,4.3,4.7,INSCRITO,CC,01/03/2003,M
1417599430,18272,2020-2,LAURA,VARGAS,BEATRIZ,ROJAS,laura.vargas125@correo.edu.co,3328592554,6074657372,03/07/2020,2020-02,ECM-20202-125,DIURNA,SUR,3.9,3.8,MATRICULADO,CC,24/03/1997,M
1643453553,10923,2020-1,ANA,TORRES,ALBERTO,RAMOS,ana.torres126@correo.edu.co,3782753501,6076434590,12/02/2020,2020-01,ECM-20201-126,SABATINA,CENTRO,2.6,4.6,INSCRITO,CC,05/02/1996,M
1133739652,10923,2021-2,JULIAN,CASTRO,HUGO,QUINTERO,julian.castro127@correo.edu.co,3590011348,6075324680,14/07/2021,2021-02,ECM-20212-127,DIURNA,CENTRO,2.6,4.3,ACTIVO,CC,13/07/1995,M
1466416015,10922,2022-1,DAVID,GARCIA,EDUARDO,MORA,david.garcia128@correo.edu.co,3769304798,6074859715,14/02/2022,2022-01,ECM-20221-128,NOCTURNA,SUR,4.3,3.1,ACTIVO,CC,18/10/2001,F
1896247273,18272,2019-2,RICARDO,LOPEZ,MAURICIO,HERRERA,ricardo.lopez129@correo.edu.co,3766978263,6075769171,03/07/2019,2019-02,ECM-20192-129,SABATINA,NORTE,4.9,2.7,INSCRITO,CC,08/12/2002,M
1196783248,10929,2019-1,MARIA,SANCHEZ,ALBERTO,MENDOZA,maria.sanchez130@correo.edu.co,3618180404,6079297480,09/02/2019,2019-01,ECM-20191-130,DIURNA,CENTRO,4.4,4.8,ACTIVO,CC,21/04/2000,M
1784551342,18271,2019-2,SEBASTIAN,GARCIA,GUILLERMO,MOLINA,sebastian.garcia131@correo.edu.co,3328331477,6072198884,08/07/2019,2019-02,ECM-20192-131,SABATINA,NORTE,3.9,4.8,MATRICULADO,CC,26/06/1999,F
1722360953,10924,2023-1,SANTIAGO,PEREZ,BEATRIZ,QUINTERO,santiago.perez132@correo.edu.co,3584865553,6072283679,10/02/2023,2023-01,ECM-20231-132,SABATINA,NORTE,3.0,3.5,ACTIVO,CC,01/02/1999,M
1437139221,18271,2022-1,ANDRES,CASTRO,PATRICIA,RIOS,andres.castro133@correo.edu.co,3718633571,6076597862,06/02/2022,2022-01,ECM-20221-133,DIURNA,CENTRO,3.2,4.6,MATRICULADO,CC,09/04/1997,M
1488405637,10924,2023-2,CAMILA,GOMEZ,CLAUDIA,MENDOZA,camila.gomez134@correo.edu.co,3492190832,6071710830,05/07/2023,2023-02,ECM-20232-134,NOCTURNA,CENTRO,3.1,3.4,MATRICULADO,CC,11/03/2000,F
1274866676,18272,2020-1,DANIELA,ROMERO,GUILLERMO,PALACIOS,daniela.romero135@correo.edu.co,3587351488,6077218847,05/02/2020,2020-01,ECM-20201-135,NOCTURNA,PRINCIPAL,3.8,3.6,ACTIVO,CC,29/12/1999,M
1797721142,18272,2022-2,DANIELA,RAMIREZ,EDUARDO,MENDOZA,daniela.ramirez136@correo.edu.co,3424837042,6078333701,14/07/2022,2022-02,ECM-20222-136,NOCTURNA,NORTE,3.8,4.6,MATRICULADO,CC,09/10/1996,F
1730568593,10922,2020-2,HECTOR,MARTINEZ,RODRIGO,MOLINA,hector.martinez137@correo.edu.co,3585648000,6078897454,01/07/2020,2020-02,ECM-20202-137,DIURNA,NORTE,2.8,2.5,ACTIVO,CC,15/06/2000,M
1522645753,18271,2022-1,ALEJANDRO,TORRES,JOSE,VEGA,alejandro.torres138@correo.edu.co,3179871025,6075349797,12/02/2022,2022-01,ECM-20221-138,SABATINA,PRINCIPAL,3.0,3.0,MATRICULADO,CC,06/12/1999,M
1189872453,10923,2020-2,ALEJANDRO,DIAZ,ISABEL,SILVA,alejandro.diaz139@correo.edu.co,3856189364,6073839667,07/07/2020,2020-02,ECM-20202-139,DIURNA,CENTRO,4.8,3.1,MATRICULADO,CC,18/03/2000,F
1012080194,10929,2019-1,CAROLINA,RODRIGUEZ,BEATRIZ,ROJAS,carolina.rodriguez140@correo.edu.co,3715885651,6077826114,04/02/2019,2019-01,ECM-20191-140,SABATINA,NORTE,3.1,2.8,INSCRITO,CC,15/06/1997,M
1538955813,18272,2020-1,DAVID,ROMERO,ALBERTO,ORTEGA,david.romero141@correo.edu.co,3483062953,6074276455,04/02/2020,2020-01,ECM-20201-141,SABATINA,SUR,2.8,3.5,MATRICULADO,CC,03/12/2001,M
1109180805,18272,2024-1,SERGIO,CASTRO,CRISTINA,HERRERA,sergio.castro142@correo.edu.co,3968408978,6078454060,04/02/2024,2024-01,ECM-20241-142,NOCTURNA,PRINCIPAL,4.8,3.8,INSCRITO,CC,14/06/1998,F
1880843733,10929,2019-1,SERGIO,SANCHEZ,ISABEL,RIOS,sergio.sanchez143@correo.edu.co,3236414889,6075748800,04/02/2019,2019-01,ECM-20191-143,DIURNA,NORTE,3.9,2.9,INSCRITO,CC,13/06/2001,M
1600581612,10929,2023-1,HECTOR,RUIZ,ISABEL,SILVA,hector.ruiz144@correo.edu.co,3360807932,6077969412,03/02/2023,2023-01,ECM-20231-144,SABATINA,NORTE,3.5,4.8,INSCRITO,CC,20/05/1998,F
1303843066,10922,2018-1,PEDRO,JIMENEZ,PATRICIA,MENDOZA,pedro.jimenez145@correo.edu.co,3530231741,6073472159,12/02/2018,2018-01,ECM-20181-145,NOCTURNA,SUR,4.1,4.4,MATRICULADO,CC,11/05/1999,F
1607835414,10923,2023-2,SERGIO,MARTINEZ,PATRICIA,SUAREZ,sergio.martinez146@correo.edu.co,3546538277,6072326131,15/07/2023,2023-02,ECM-20232-146,SABATINA,NORTE,3.1,4.6,INSCRITO,CC,20/08/1998,M
1047690455,18271,2020-2,ANDREA,MARTINEZ,GUILLERMO,ORTEGA,andrea.martinez147@correo.edu.co,3703610824,6075459711,11/07/2020,2020-02,ECM-20202-147,NOCTURNA,SUR,4.7,3.5,MATRICULADO,CC,01/07/1997,F
1498562126,18271,2022-2,JORGE,GUTIERREZ,GUILLERMO,DELGADO,jorge.gutierrez148@correo.edu.co,3185489492,6075113589,06/07/2022,2022-02,ECM-20222-148,DIURNA,NORTE,2.8,4.8,ACTIVO,CC,03/09/2002,M
1137581115,10925,2024-1,JUAN,CASTRO,GUILLERMO,ACOSTA,juan.castro149@correo.edu.co,3893665839,6077789566,03/02/2024,2024-01,ECM-20241-149,SABATINA,NORTE,3.3,3.0,ACTIVO,CC,24/05/2002,M
1134184070,18271,2020-1,CAROLINA,SANCHEZ,EDUARDO,VILLAMIZAR,carolina.sanchez150@correo.edu.co,3179461195,6076520244,02/02/2020,2020-01,ECM-20201-150,SABATINA,CENTRO,2.9,3.6,ACTIVO,CC,23/05/2002,M
1163249480,18271,2018-2,JUAN,MEDINA,CRISTINA,CRUZ,juan.medina151@correo.edu.co,3922059422,6075318464,10/07/2018,2018-02,ECM-20182-151,DIURNA,NORTE,3.7,2.9,MATRICULADO,CC,29/08/2001,F
1613762827,10925,2020-2,LAURA,GUTIERREZ,MAURICIO,REYES,laura.gutierrez152@correo.edu.co,3322234633,6074659065,01/07/2020,2020-02,ECM-20202-152,DIURNA,NORTE,4.1,3.2,MATRICULADO,CC,30/12/1999,M
1664030729,18271,2021-2,SERGIO,SANCHEZ,ALBERTO,MENDOZA,sergio.sanchez153@correo.edu.co,3735863707,6076479569,07/07/2021,2021-02,ECM-20212-153,SABATINA,CENTRO,3.4,3.4,MATRICULADO,CC,07/11/1998,M
1624149212,10926,2018-1,DANIELA,GOMEZ,CLAUDIA,ACOSTA,daniela.gomez154@correo.edu.co,3934213833,6071664514,07/02/2018,2018-01,ECM-20181-154,DIURNA,SUR,3.0,3.5,MATRICULADO,CC,01/12/2000,M
1277682847,18272,2024-1,DANIELA,RUIZ,BEATRIZ,BLANCO,daniela.ruiz155@correo.edu.co,3640964097,6073031952,09/02/2024,2024-01,ECM-20241-155,NOCTURNA,SUR,4.0,3.4,MATRICULADO,CC,21/06/2003,M
1470340465,18271,2023-1,CARLOS,HERNANDEZ,VICTORIA,MOLINA,carlos.hernandez156@correo.edu.co,3900689515,6078957100,14/02/2023,2023-01,ECM-20231-156,DIURNA,SUR,4.5,3.7,INSCRITO,CC,20/11/2003,F
1700512321,10923,2021-2,IVAN,JIMENEZ,CRISTINA,REYES,ivan.jimenez157@correo.edu.co,3274502236,6079362952,07/07/2021,2021-02,ECM-20212-157,NOCTURNA,NORTE,4.3,3.2,ACTIVO,CC,17/12/2002,M
1774905493,10924,2023-2,LAURA,ROMERO,MAURICIO,RAMOS,laura.romero158@correo.edu.co,3795425490,6079179703,04/07/2023,2023-02,ECM-20232-158,NOCTURNA,NORTE,4.5,4.7,ACTIVO,CC,24/11/1998,M
1224215843,18271,2023-2,IVAN,CASTRO,ELENA,QUINTERO,ivan.castro159@correo.edu.co,3295635934,6078634473,05/07/2023,2023-02,ECM-20232-159,SABATINA,PRINCIPAL,4.2,4.2,ACTIVO,CC,24/12/1998,M
1408728443,10923,2023-2,FELIPE,CASTRO,MARCELA,DELGADO,felipe.castro160@correo.edu.co,3203224164,6072239161,01/07/2023,2023-02,ECM-20232-160,NOCTURNA,NORTE,4.0,3.6,ACTIVO,CC,16/08/2003,M
1778258171,10922,2019-2,LUIS,DIAZ,ELENA,SUAREZ,luis.diaz161@correo.edu.co,3570202525,6078316710,05/07/2019,2019-02,ECM-20192-161,SABATINA,PRINCIPAL,3.2,3.9,ACTIVO,CC,19/08/2000,F
1678948691,18271,2019-1,FELIPE,MEDINA,JOSE,REYES,felipe.medina162@correo.edu.co,3232121087,6078312220,04/02/2019,2019-01,ECM-20191-162,SABATINA,NORTE,4.2,4.3,MATRICULADO,CC,31/05/1996,M
1344912694,18271,2019-1,VALENTINA,RUIZ,MARCELA,ROJAS,valentina.ruiz163@correo.edu.co,3592746572,6078148985,09/02/2019,2019-01,ECM-20191-163,DIURNA,SUR,4.1,3.5,INSCRITO,CC,24/04/2001,M
1384221873,10926,2021-1,PEDRO,MARTINEZ,HUGO,PALACIOS,pedro.martinez164@correo.edu.co,3869715959,6078831654,15/02/2021,2021-01,ECM-20211-164,DIURNA,NORTE,2.8,4.5,ACTIVO,CC,01/10/2003,F
1459345523,18272,2020-1,JORGE,HERNANDEZ,ERNESTO,MENDOZA,jorge.hernandez165@correo.edu.co,3704513267,6077891855,11/02/2020,2020-01,ECM-20201-165,DIURNA,NORTE,3.3,3.3,ACTIVO,CC,12/08/2003,M
1592823022,10926,2018-2,LUIS,VARGAS,PATRICIA,RIOS,luis.vargas166@correo.edu.co,3964815409,6079302496,02/07/2018,2018-02,ECM-20182-166,SABATINA,PRINCIPAL,4.0,3.6,ACTIVO,CC,19/07/1995,F
1000815577,10923,2024-1,CAROLINA,HERNANDEZ,TERESA,MORA,carolina.hernandez167@correo.edu.co,3231327334,6077391514,06/02/2024,2024-01,ECM-20241-167,DIURNA,CENTRO,4.3,3.0,MATRICULADO,CC,13/07/1995,M
1670586084,18271,2020-1,MARIA,SANCHEZ,MAURICIO,ORTEGA,maria.sanchez168@correo.edu.co,3674214057,6074403635,01/02/2020,2020-01,ECM-20201-168,SABATINA,PRINCIPAL,2.5,3.8,ACTIVO,CC,30/11/2001,M
1830597301,18271,2021-2,JUAN,PEREZ,PATRICIA,MOLINA,juan.perez169@correo.edu.co,3168503479,6076644919,02/07/2021,2021-02,ECM-20212-169,NOCTURNA,SUR,3.4,4.0,ACTIVO,CC,10/04/1999,M
1518993725,10924,2021-2,JORGE,HERNANDEZ,CLAUDIA,VEGA,jorge.hernandez170@correo.edu.co,3416980003,6076148130,14/07/2021,2021-02,ECM-20212-170,SABATINA,CENTRO,4.2,3.3,ACTIVO,CC,09/07/1996,M
1857486045,18272,2019-2,ALEJANDRO,ALVAREZ,ERNESTO,MOLINA,alejandro.alvarez171@correo.edu.co,3423003027,6074798875,08/07/2019,2019-02,ECM-20192-171,DIURNA,PRINCIPAL,4.3,4.7,ACTIVO,CC,30/03/1999,F
1579419949,10923,2024-1,DIANA,CASTRO,HUGO,REYES,diana.castro172@correo.edu.co,3423185864,6078384335,03/02/2024,2024-01,ECM-20241-172,SABATINA,SUR,3.9,2.9,ACTIVO,CC,15/07/1995,F
1539208107,10923,2021-1,PAULA,DIAZ,MARCELA,VEGA,paula.diaz173@correo.edu.co,3424063668,6079247010,02/02/2021,2021-01,ECM-20211-173,NOCTURNA,NORTE,4.5,3.9,INSCRITO,CC,17/04/2003,M
1845267890,10926,2024-1,CAROLINA,HERNANDEZ,ERNESTO,NIETO,carolina.hernandez174@correo.edu.co,3345093370,6072675499,01/02/2024,2024-01,ECM-20241-174,DIURNA,PRINCIPAL,3.2,4.1,MATRICULADO,CC,24/10/1998,F
1569730705,10925,2020-1,JUAN,MARTINEZ,ISABEL,ORTEGA,juan.martinez175@correo.edu.co,3381893561,6071108317,02/02/2020,2020-01,ECM-20201-175,SABATINA,PRINCIPAL,4.7,4.0,ACTIVO,CC,21/12/1995,M
1365380600,10923,2018-2,ALEJANDRO,VARGAS,CLAUDIA,QUINTERO,alejandro.vargas176@correo.edu.co,3728315996,6071616804,11/07/2018,2018-02,ECM-20182-176,DIURNA,SUR,3.0,3.7,ACTIVO,CC,23/04/1999,M
1140934349,10929,2023-1,NATALIA,MORENO,CLAUDIA,ACOSTA,natalia.moreno177@correo.edu.co,3540975344,6072922941,01/02/2023,2023-01,ECM-20231-177,SABATINA,PRINCIPAL,4.7,4.9,ACTIVO,CC,28/03/2001,F
1241800170,18272,2019-2,ANA,RODRIGUEZ,HUGO,REYES,ana.rodriguez178@correo.edu.co,3547315366,6071939849,04/07/2019,2019-02,ECM-20192-178,NOCTURNA,CENTRO,4.1,3.1,INSCRITO,CC,05/11/1995,M
1457754947,10924,2022-1,VALENTINA,ALVAREZ,RODRIGO,MORA,valentina.alvarez179@correo.edu.co,3963172658,6074941249,02/02/2022,2022-01,ECM-20221-179,DIURNA,NORTE,2.7,3.8,ACTIVO,CC,10/11/1995,F
1423572118,10923,2018-1,VALENTINA,LOPEZ,HUGO,CRUZ,valentina.lopez180@correo.edu.co,3615086860,6077333528,05/02/2018,2018-01,ECM-20181-180,DIURNA,CENTRO,3.9,3.0,INSCRITO,CC,01/06/2002,F
1462201557,10923,2024-1,ANDREA,LOPEZ,MARCELA,ROJAS,andrea.lopez181@correo.edu.co,3677751200,6076920039,13/02/2024,2024-01,ECM-20241-181,NOCTURNA,CENTRO,3.4,3.1,ACTIVO,CC,11/03/2002,F
1440916159,10922,2023-1,ALEJANDRO,RUIZ,CRISTINA,HERRERA,alejandro.ruiz182@correo.edu.co,3159831153,6075199890,07/02/2023,2023-01,ECM-20231-182,SABATINA,CENTRO,4.1,4.7,INSCRITO,CC,19/01/2002,F
1094373707,10923,2022-2,PAULA,MORENO,MAURICIO,RIOS,paula.moreno183@correo.edu.co,3980958553,6073559541,09/07/2022,2022-02,ECM-20222-183,SABATINA,PRINCIPAL,2.8,4.2,MATRICULADO,CC,29/02/1996,F
1016037548,10924,2022-2,ANA,MORENO,ERNESTO,VEGA,ana.moreno184@correo.edu.co,3106810359,6074770983,04/07/2022,2022-02,ECM-20222-184,DIURNA,PRINCIPAL,3.0,3.2,ACTIVO,CC,05/10/1996,F
1417023340,10924,2018-2,PAULA,SANCHEZ,CRISTINA,ORTEGA,paula.sanchez185@correo.edu.co,3637372189,6071441718,04/07/2018,2018-02,ECM-20182-185,SABATINA,PRINCIPAL,3.4,4.0,MATRICULADO,CC,10/09/1995,M
1614115048,18271,2024-1,DAVID,TORRES,TERESA,ACOSTA,david.torres186@correo.edu.co,3673117156,6074140759,10/02/2024,2024-01,ECM-20241-186,SABATINA,NORTE,3.1,3.4,ACTIVO,CC,03/08/1998,M
1446551933,10925,2021-2,FELIPE,ALVAREZ,MARCELA,CRUZ,felipe.alvarez187@correo.edu.co,3181321332,6077205259,12/07/2021,2021-02,ECM-20212-187,SABATINA,NORTE,3.2,2.9,MATRICULADO,CC,29/10/1999,F
1545410601,10929,2019-2,ANDRES,TORRES,FERNANDO,NIETO,andres.torres188@correo.edu.co,3576902815,6076522004,15/07/2019,2019-02,ECM-20192-188,DIURNA,SUR,4.0,2.9,ACTIVO,CC,10/12/1998,M
1375118943,10922,2023-1,VALENTINA,DIAZ,ALBERTO,REYES,valentina.diaz189@correo.edu.co,3766473163,6078031963,11/02/2023,2023-01,ECM-20231-189,NOCTURNA,SUR,3.6,2.9,ACTIVO,CC,15/12/2003,F
1324832251,10922,2024-1,ANA,VARGAS,HUGO,ROJAS,ana.vargas190@correo.edu.co,3743955035,6071474892,13/02/2024,2024-01,ECM-20241-190,DIURNA,SUR,2.9,2.7,INSCRITO,CC,12/04/1998,F
1326310189,18272,2021-2,PAULA,ROMERO,ERNESTO,PALACIOS,paula.romero191@correo.edu.co,3446889330,6075697792,05/07/2021,2021-02,ECM-20212-191,NOCTURNA,NORTE,4.3,2.5,MATRICULADO,CC,21/12/1997,M
1198256477,18272,2021-2,LUIS,GUTIERREZ,ENRIQUE,NIETO,luis.gutierrez192@correo.edu.co,3215806573,6071198858,11/07/2021,2021-02,ECM-20212-192,DIURNA,SUR,3.8,4.7,MATRICULADO,CC,07/08/1997,M
1632280119,18271,2023-1,LUIS,TORRES,ENRIQUE,MORA,luis.torres193@correo.edu.co,3815888558,6077301393,04/02/2023,2023-01,ECM-20231-193,NOCTURNA,CENTRO,4.6,4.9,INSCRITO,CC,22/09/1995,F
1347520193,10924,2024-1,RICARDO,CASTRO,VICTORIA,CRUZ,ricardo.castro194@correo.edu.co,3461041272,6076491766,07/02/2024,2024-01,ECM-20241-194,SABATINA,CENTRO,3.9,4.8,MATRICULADO,CC,21/09/1999,F
1646091906,18271,2019-1,SERGIO,GARCIA,HUGO,REYES,sergio.garcia195@correo.edu.co,3905881387,6074708292,01/02/2019,2019-01,ECM-20191-195,DIURNA,CENTRO,4.6,4.6,INSCRITO,CC,10/04/2003,M
1712002377,10925,2018-1,LUIS,DIAZ,ERNESTO,PALACIOS,luis.diaz196@correo.edu.co,3292632973,6072431794,08/02/2018,2018-01,ECM-20181-196,DIURNA,SUR,3.7,4.0,ACTIVO,CC,11/01/1999,M
1789330878,18271,2020-2,SERGIO,LOPEZ,PATRICIA,BLANCO,sergio.lopez197@correo.edu.co,3698350016,6079536970,06/07/2020,2020-02,ECM-20202-197,SABATINA,PRINCIPAL,3.9,3.9,ACTIVO,CC,12/07/1995,F
1724697767,10926,2020-2,HECTOR,HERNANDEZ,MAURICIO,CRUZ,hector.hernandez198@correo.edu.co,3727307828,6075925616,02/07/2020,2020-02,ECM-20202-198,DIURNA,PRINCIPAL,3.2,3.6,INSCRITO,CC,07/07/1996,M
1360255706,10924,2019-2,ANDRES,RUIZ,JOSE,VILLAMIZAR,andres.ruiz199@correo.edu.co,3213568268,6073290079,08/07/2019,2019-02,ECM-20192-199,DIURNA,SUR,4.8,4.0,ACTIVO,CC,09/12/1996,F
1639533875,10929,2019-1,OSCAR,MEDINA,JOSE,ACOSTA,oscar.medina200@correo.edu.co,3193570797,6075696455,09/02/2019,2019-01,ECM-20191-200,NOCTURNA,CENTRO,4.6,3.8,INSCRITO,CC,13/07/2002,M
1674492332,10923,2022-2,NATALIA,RODRIGUEZ,ALBERTO,PALACIOS,natalia.rodriguez201@correo.edu.co,3207803911,6071224191,07/07/2022,2022-02,ECM-20222-201,NOCTURNA,SUR,4.1,3.5,INSCRITO,CC,29/05/1999,M
1278567822,10926,2018-1,SERGIO,ROMERO,MAURICIO,NIETO,sergio.romero202@correo.edu.co,3607778209,6079257762,01/02/2018,2018-01,ECM-20181-202,DIURNA,NORTE,4.5,4.0,INSCRITO,CC,09/06/2001,F
1235350687,10922,2023-2,CAROLINA,ALVAREZ,HUGO,CRUZ,carolina.alvarez203@correo.edu.co,3775604578,6078422820,15/07/2023,2023-02,ECM-20232-203,DIURNA,SUR,4.5,3.7,INSCRITO,CC,28/05/1996,F
1077994830,18272,2018-2,SEBASTIAN,DIAZ,EDUARDO,ACOSTA,sebastian.diaz204@correo.edu.co,3582668746,6073387489,13/07/2018,2018-02,ECM-20182-204,DIURNA,CENTRO,2.8,4.1,INSCRITO,CC,10/12/1996,M
1082667801,10925,2021-2,JULIAN,DIAZ,CLAUDIA,RIOS,julian.diaz205@correo.edu.co,3495140403,6075682834,08/07/2021,2021-02,ECM-20212-205,NOCTURNA,NORTE,3.8,4.8,MATRICULADO,CC,03/04/2002,F
1029992801,10924,2023-1,HECTOR,RUIZ,PATRICIA,MORA,hector.ruiz206@correo.edu.co,3338578171,6079337254,07/02/2023,2023-01,ECM-20231-206,SABATINA,NORTE,3.2,4.5,ACTIVO,CC,10/07/2002,M
1421832246,18272,2024-1,OSCAR,MEDINA,JOSE,RIOS,oscar.medina207@correo.edu.co,3166157254,6076661230,09/02/2024,2024-01,ECM-20241-207,SABATINA,PRINCIPAL,2.9,4.5,ACTIVO,CC,23/11/1998,F
1756599562,18271,2018-1,CAROLINA,TORRES,CLAUDIA,MORA,carolina.torres208@correo.edu.co,3506407064,6079357150,10/02/2018,2018-01,ECM-20181-208,DIURNA,NORTE,3.3,2.8,MATRICULADO,CC,22/11/1997,M
1505580090,18271,2022-1,SANTIAGO,MARTINEZ,RODRIGO,RAMOS,santiago.martinez209@correo.edu.co,3479128658,6075279283,04/02/2022,2022-01,ECM-20221-209,NOCTURNA,SUR,4.8,4.4,MATRICULADO,CC,08/12/2000,F
1768745010,10924,2020-1,LORENA,CASTRO,ALBERTO,MENDOZA,lorena.castro210@correo.edu.co,3330402407,6071024165,07/02/2020,2020-01,ECM-20201-210,NOCTURNA,CENTRO,3.7,4.1,MATRICULADO,CC,01/02/1997,F
1102024918,10929,2022-1,CAROLINA,LOPEZ,EDUARDO,CRUZ,carolina.lopez211@correo.edu.co,3822564564,6074766898,08/02/2022,2022-01,ECM-20221-211,SABATINA,SUR,3.5,2.5,ACTIVO,CC,02/10/2002,M
1806687682,10924,2019-2,VALENTINA,GUTIERREZ,CRISTINA,MORA,valentina.gutierrez212@correo.edu.co,3699424916,6077662630,02/07/2019,2019-02,ECM-20192-212,DIURNA,NORTE,3.3,3.2,INSCRITO,CC,26/03/1997,F
1847800585,10922,2024-1,ANDREA,RUIZ,HUGO,SUAREZ,andrea.ruiz213@correo.edu.co,3481545819,6071027581,01/02/2024,2024-01,ECM-20241-213,NOCTURNA,NORTE,3.4,3.6,ACTIVO,CC,06/03/2002,M
1678023438,18271,2020-1,SEBASTIAN,MEDINA,CRISTINA,DELGADO,sebastian.medina214@correo.edu.co,3104390655,6078435546,10/02/2020,2020-01,ECM-20201-214,SABATINA,PRINCIPAL,3.4,3.0,MATRICULADO,CC,01/05/2003,F
1147640301,10925,2020-1,ANA,GUTIERREZ,EDUARDO,RAMOS,ana.gutierrez215@correo.edu.co,3682302340,6072324773,12/02/2020,2020-01,ECM-20201-215,DIURNA,PRINCIPAL,4.9,4.8,INSCRITO,CC,03/12/1995,F
1328697788,18271,2022-1,PEDRO,ROMERO,MARCELA,HERRERA,pedro.romero216@correo.edu.co,3120369739,6071782783,06/02/2022,2022-01,ECM-20221-216,DIURNA,NORTE,4.2,3.9,INSCRITO,CC,04/06/1998,F
1208289018,10923,2022-1,FELIPE,RAMIREZ,ENRIQUE,NIETO,felipe.ramirez217@correo.edu.co,3639424037,6071111645,06/02/2022,2022-01,ECM-20221-217,DIURNA,NORTE,4.6,2.9,INSCRITO,CC,06/10/2000,F
1094842748,10923,2018-2,JORGE,RAMIREZ,ELENA,RIOS,jorge.ramirez218@correo.edu.co,3806775401,6078617202,05/07/2018,2018-02,ECM-20182-218,SABATINA,PRINCIPAL,3.7,4.8,ACTIVO,CC,02/10/1995,F
1823255878,10926,2024-1,MONICA,TORRES,JOSE,ACOSTA,monica.torres219@correo.edu.co,3303416758,6073591881,06/02/2024,2024-01,ECM-20241-219,SABATINA,PRINCIPAL,4.8,4.6,ACTIVO,CC,14/02/1995,M
1214476745,10924,2023-2,LAURA,JIMENEZ,FERNANDO,MOLINA,laura.jimenez220@correo.edu.co,3131859949,6078362181,13/07/2023,2023-02,ECM-20232-220,DIURNA,SUR,2.6,3.7,INSCRITO,CC,01/08/2002,M
1572436095,10922,2018-2,ANDREA,ROMERO,BEATRIZ,DELGADO,andrea.romero221@correo.edu.co,3837820148,6075288679,10/07/2018,2018-02,ECM-20182-221,NOCTURNA,NORTE,4.5,4.6,MATRICULADO,CC,11/02/1997,F
1619980124,10926,2021-1,DAVID,RODRIGUEZ,FERNANDO,SUAREZ,david.rodriguez222@correo.edu.co,3950037626,6071990650,12/02/2021,2021-01,ECM-20211-222,SABATINA,NORTE,2.5,4.0,ACTIVO,CC,10/03/1997,M
1701942497,10923,2020-1,ANA,SANCHEZ,VICTORIA,NIETO,ana.sanchez223@correo.edu.co,3356133150,6077889351,15/02/2020,2020-01,ECM-20201-223,DIURNA,PRINCIPAL,3.5,3.8,MATRICULADO,CC,19/05/2000,F
1436137038,18272,2024-1,NATALIA,HERNANDEZ,RODRIGO,HERRERA,natalia.hernandez224@correo.edu.co,3415217391,6074351047,07/02/2024,2024-01,ECM-20241-224,SABATINA,PRINCIPAL,3.0,4.3,ACTIVO,CC,31/10/1999,M
1288000172,10926,2020-1,HECTOR,GUTIERREZ,FERNANDO,SUAREZ,hector.gutierrez225@correo.edu.co,3923708557,6075771702,11/02/2020,2020-01,ECM-20201-225,NOCTURNA,NORTE,4.1,2.5,INSCRITO,CC,31/01/1995,F
1492971067,18271,2019-1,MONICA,MEDINA,CRISTINA,BLANCO,monica.medina226@correo.edu.co,3662320148,6076328872,03/02/2019,2019-01,ECM-20191-226,NOCTURNA,PRINCIPAL,3.9,3.6,INSCRITO,CC,17/10/2001,F
1107302265,10923,2023-1,MARIA,MEDINA,ERNESTO,MENDOZA,maria.medina227@correo.edu.co,3672579398,6073409692,04/02/2023,2023-01,ECM-20231-227,NOCTURNA,SUR,3.8,2.7,INSCRITO,CC,07/08/1995,M
1793784351,10929,2023-1,ANDRES,ALVAREZ,BEATRIZ,MOLINA,andres.alvarez228@correo.edu.co,3577511601,6071667486,09/02/2023,2023-01,ECM-20231-228,NOCTURNA,CENTRO,2.7,3.8,ACTIVO,CC,06/10/2001,M
1339504423,10923,2019-1,VALENTINA,PEREZ,HUGO,SILVA,valentina.perez229@correo.edu.co,3615639781,6073405225,01/02/2019,2019-01,ECM-20191-229,SABATINA,NORTE,4.8,4.3,INSCRITO,CC,13/03/1995,M
1048277460,18272,2018-2,PEDRO,MORENO,MAURICIO,VEGA,pedro.moreno230@correo.edu.co,3383530678,6074648345,11/07/2018,2018-02,ECM-20182-230,SABATINA,NORTE,3.9,2.8,INSCRITO,CC,17/04/1997,M
1879089459,10923,2021-2,MARIA,HERNANDEZ,EDUARDO,MENDOZA,maria.hernandez231@correo.edu.co,3304558409,6077347414,04/07/2021,2021-02,ECM-20212-231,NOCTURNA,SUR,4.4,4.8,INSCRITO,CC,02/11/1995,F
1763960564,18271,2021-1,LUIS,SANCHEZ,MAURICIO,ORTEGA,luis.sanchez232@correo.edu.co,3656101423,6072807487,01/02/2021,2021-01,ECM-20211-232,SABATINA,CENTRO,3.7,2.5,MATRICULADO,CC,03/02/1995,F
1671481145,10925,2021-2,VALENTINA,ALVAREZ,ELENA,SUAREZ,valentina.alvarez233@correo.edu.co,3597816436,6076372747,06/07/2021,2021-02,ECM-20212-233,SABATINA,CENTRO,2.8,3.4,ACTIVO,CC,20/09/1996,M
1356457103,10929,2021-2,MONICA,GOMEZ,HUGO,DELGADO,monica.gomez234@correo.edu.co,3743281260,6071684769,14/07/2021,2021-02,ECM-20212-234,SABATINA,PRINCIPAL,3.5,4.1,MATRICULADO,CC,08/02/1998,F
1243391412,10929,2018-1,FELIPE,HERNANDEZ,MARCELA,VEGA,felipe.hernandez235@correo.edu.co,3108056349,6071666835,15/02/2018,2018-01,ECM-20181-235,DIURNA,CENTRO,3.9,2.6,MATRICULADO,CC,13/11/2002,M
1585403276,10922,2021-1,HECTOR,MARTINEZ,CRISTINA,SILVA,hector.martinez236@correo.edu.co,3830570342,6073021109,02/02/2021,2021-01,ECM-20211-236,NOCTURNA,CENTRO,3.1,3.6,ACTIVO,CC,05/06/2002,F
1639931383,10922,2019-1,SEBASTIAN,RODRIGUEZ,ELENA,NIETO,sebastian.rodriguez237@correo.edu.co,3489142797,6072379409,11/02/2019,2019-01,ECM-20191-237,NOCTURNA,NORTE,4.7,4.6,ACTIVO,CC,18/11/2001,F
1623537327,10922,2023-1,ANDRES,DIAZ,JOSE,ORTEGA,andres.diaz238@correo.edu.co,3529541821,6071490045,12/02/2023,2023-01,ECM-20231-238,NOCTURNA,PRINCIPAL,3.4,2.6,ACTIVO,CC,27/02/1999,M
1160261051,10926,2018-2,VALENTINA,ALVAREZ,ISABEL,REYES,valentina.alvarez239@correo.edu.co,3152279363,6073575412,10/07/2018,2018-02,ECM-20182-239,SABATINA,NORTE,3.7,4.8,INSCRITO,CC,28/04/1997,F
1398703454,10924,2024-1,ANA,SANCHEZ,ISABEL,SILVA,ana.sanchez240@correo.edu.co,3966049602,6075069636,04/02/2024,2024-01,ECM-20241-240,NOCTURNA,CENTRO,2.6,3.9,MATRICULADO,CC,27/09/1997,F
1045780147,10924,2019-2,DIANA,MORENO,PATRICIA,MOLINA,diana.moreno241@correo.edu.co,3572137220,6072780579,01/07/2019,2019-02,ECM-20192-241,DIURNA,SUR,2.8,4.1,INSCRITO,CC,27/08/2003,M
1499836153,10926,2024-1,SEBASTIAN,HERNANDEZ,ERNESTO,PALACIOS,sebastian.hernandez242@correo.edu.co,3650947069,6075811860,12/02/2024,2024-01,ECM-20241-242,DIURNA,NORTE,3.5,3.5,INSCRITO,CC,14/08/1999,M
1002644082,10925,2021-2,PEDRO,PEREZ,RODRIGO,VILLAMIZAR,pedro.perez243@correo.edu.co,3861038492,6074233199,14/07/2021,2021-02,ECM-20212-243,DIURNA,SUR,3.1,3.5,INSCRITO,CC,06/10/1999,M
1598050040,10929,2023-1,CAROLINA,RODRIGUEZ,TERESA,MOLINA,carolina.rodriguez244@correo.edu.co,3439272795,6072558166,03/02/2023,2023-01,ECM-20231-244,SABATINA,PRINCIPAL,3.2,3.7,ACTIVO,CC,30/06/1996,F
1294218249,10923,2018-1,FELIPE,MORENO,MARCELA,ROJAS,felipe.moreno245@correo.edu.co,3913891817,6078561403,06/02/2018,2018-01,ECM-20181-245,DIURNA,SUR,2.7,2.5,MATRICULADO,CC,10/03/1995,F
1094315955,10926,2020-1,CAROLINA,RUIZ,LUCIA,MORA,carolina.ruiz246@correo.edu.co,3116340444,6076816028,05/02/2020,2020-01,ECM-20201-246,DIURNA,CENTRO,3.0,3.2,INSCRITO,CC,23/05/2003,F
1703592075,10926,2019-1,ALEJANDRO,ROMERO,PATRICIA,MOLINA,alejandro.romero247@correo.edu.co,3704502059,6076828392,13/02/2019,2019-01,ECM-20191-247,DIURNA,PRINCIPAL,2.7,4.6,ACTIVO,CC,09/12/2000,M
1184676201,10929,2022-2,SANTIAGO,TORRES,TERESA,QUINTERO,santiago.torres248@correo.edu.co,3936813722,6073395981,02/07/2022,2022-02,ECM-20222-248,NOCTURNA,NORTE,4.9,3.5,ACTIVO,CC,24/09/1999,M
1352887963,10922,2021-2,MONICA,MEDINA,ALBERTO,SILVA,monica.medina249@correo.edu.co,3325094037,6075664325,01/07/2021,2021-02,ECM-20212-249,DIURNA,PRINCIPAL,3.8,4.5,MATRICULADO,CC,03/09/1995,M
1023678946,10922,2020-2,SEBASTIAN,PEREZ,ISABEL,RIOS,sebastian.perez250@correo.edu.co,3262329092,6072764750,09/07/2020,2020-02,ECM-20202-250,SABATINA,PRINCIPAL,3.4,2.6,INSCRITO,CC,08/09/1999,M
1792522615,10924,2022-1,HECTOR,GOMEZ,ENRIQUE,VEGA,hector.gomez251@correo.edu.co,3872998693,6074464661,10/02/2022,2022-01,ECM-20221-251,NOCTURNA,SUR,3.5,4.1,MATRICULADO,CC,24/03/2000,F
1398631063,10925,2024-1,PEDRO,HERNANDEZ,PATRICIA,ORTEGA,pedro.hernandez252@correo.edu.co,3569673741,6071601536,11/02/2024,2024-01,ECM-20241-252,NOCTURNA,NORTE,4.7,4.2,MATRICULADO,CC,20/05/1996,F
1156111196,10925,2019-1,IVAN,MEDINA,ISABEL,RIOS,ivan.medina253@correo.edu.co,3422413864,6076663311,02/02/2019,2019-01,ECM-20191-253,NOCTURNA,NORTE,3.6,2.6,ACTIVO,CC,17/02/1997,F
1801399246,18271,2021-2,VALENTINA,RUIZ,HUGO,QUINTERO,valentina.ruiz254@correo.edu.co,3310094759,6072604442,05/07/2021,2021-02,ECM-20212-254,DIURNA,CENTRO,3.9,4.0,MATRICULADO,CC,16/03/1995,F
1073920525,10926,2021-1,SEBASTIAN,TORRES,CLAUDIA,SUAREZ,sebastian.torres255@correo.edu.co,3674997159,6074237451,04/02/2021,2021-01,ECM-20211-255,SABATINA,CENTRO,4.7,3.7,ACTIVO,CC,10/02/1998,F
1153731708,10924,2019-2,SEBASTIAN,PEREZ,JOSE,ACOSTA,sebastian.perez256@correo.edu.co,3455566586,6073434916,02/07/2019,2019-02,ECM-20192-256,DIURNA,PRINCIPAL,3.5,4.7,INSCRITO,CC,12/03/1995,F
1298973400,10922,2020-2,ANDREA,RUIZ,TERESA,MOLINA,andrea.ruiz257@correo.edu.co,3455895997,6072912019,10/07/2020,2020-02,ECM-20202-257,NOCTURNA,NORTE,3.7,2.6,MATRICULADO,CC,20/04/1999,M
1734208469,10929,2021-1,ANA,GUTIERREZ,LUCIA,QUINTERO,ana.gutierrez258@correo.edu.co,3987078255,6072253039,15/02/2021,2021-01,ECM-20211-258,DIURNA,CENTRO,3.0,2.8,ACTIVO,CC,30/12/2000,F
1112804550,10925,2021-1,CAMILA,RAMIREZ,ISABEL,MENDOZA,camila.ramirez259@correo.edu.co,3959873857,6077003882,06/02/2021,2021-01,ECM-20211-259,NOCTURNA,PRINCIPAL,3.5,3.1,MATRICULADO,CC,02/08/1996,F
1115944223,10924,2019-2,IVAN,GARCIA,MAURICIO,SILVA,ivan.garcia260@correo.edu.co,3327375014,6074101090,02/07/2019,2019-02,ECM-20192-260,SABATINA,CENTRO,4.8,2.5,MATRICULADO,CC,16/05/1997,F
1564214645,10929,2024-1,ANA,VARGAS,HUGO,ROJAS,ana.vargas261@correo.edu.co,3658490831,6079688394,14/02/2024,2024-01,ECM-20241-261,DIURNA,CENTRO,4.5,4.6,ACTIVO,CC,27/10/2002,M
1233492564,18272,2023-2,JUAN,ROMERO,CLAUDIA,ROJAS,juan.romero262@correo.edu.co,3428861939,6076373536,04/07/2023,2023-02,ECM-20232-262,SABATINA,CENTRO,3.3,3.5,ACTIVO,CC,19/05/1997,M
1444753514,10922,2018-1,VALENTINA,RUIZ,RODRIGO,CRUZ,valentina.ruiz263@correo.edu.co,3811822587,6071713361,10/02/2018,2018-01,ECM-20181-263,SABATINA,SUR,4.5,4.0,MATRICULADO,CC,27/12/1996,F
1566111674,10929,2021-1,CARLOS,RODRIGUEZ,CRISTINA,PALACIOS,carlos.rodriguez264@correo.edu.co,3129145456,6072055139,02/02/2021,2021-01,ECM-20211-264,SABATINA,CENTRO,4.0,2.8,MATRICULADO,CC,17/03/2000,M
1101652416,18272,2018-1,MONICA,ROMERO,VICTORIA,MENDOZA,monica.romero265@correo.edu.co,3455672207,6074462322,05/02/2018,2018-01,ECM-20181-265,NOCTURNA,SUR,2.9,3.6,INSCRITO,CC,21/06/2000,F
1429324529,10922,2019-2,LUIS,DIAZ,ALBERTO,REYES,luis.diaz266@correo.edu.co,3100809248,6076815615,08/07/2019,2019-02,ECM-20192-266,DIURNA,SUR,2.5,4.0,ACTIVO,CC,04/10/2003,F
1547403198,10925,2024-1,PEDRO,DIAZ,MAURICIO,ROJAS,pedro.diaz267@correo.edu.co,3575899502,6079933562,02/02/2024,2024-01,ECM-20241-267,DIURNA,SUR,2.9,4.9,ACTIVO,CC,06/03/1997,M
1540420711,10925,2023-1,JORGE,ROMERO,VICTORIA,SILVA,jorge.romero268@correo.edu.co,3863494423,6072645716,12/02/2023,2023-01,ECM-20231-268,DIURNA,SUR,4.7,4.4,ACTIVO,CC,01/03/2003,M
1308808377,10925,2018-1,NATALIA,MARTINEZ,GUILLERMO,NIETO,natalia.martinez269@correo.edu.co,3696275576,6075248277,06/02/2018,2018-01,ECM-20181-269,SABATINA,PRINCIPAL,3.5,3.7,ACTIVO,CC,11/08/2002,F
1527560970,10925,2023-2,MARIA,PEREZ,ELENA,SUAREZ,maria.perez270@correo.edu.co,3809076774,6073476574,08/07/2023,2023-02,ECM-20232-270,SABATINA,SUR,4.1,3.9,MATRICULADO,CC,07/03/1996,F
1227432232,18272,2021-1,JULIAN,ALVAREZ,CLAUDIA,VEGA,julian.alvarez271@correo.edu.co,3934270072,6079643389,05/02/2021,2021-01,ECM-20211-271,SABATINA,SUR,4.3,2.8,ACTIVO,CC,26/08/2002,F
1196888812,10923,2019-2,DIANA,ROMERO,ISABEL,VILLAMIZAR,diana.romero272@correo.edu.co,3518624789,6073835889,03/07/2019,2019-02,ECM-20192-272,NOCTURNA,PRINCIPAL,2.9,3.2,ACTIVO,CC,24/07/2003,M
1441600310,10929,2020-2,NATALIA,VARGAS,HUGO,VEGA,natalia.vargas273@correo.edu.co,3739471534,6071224743,05/07/2020,2020-02,ECM-20202-273,NOCTURNA,CENTRO,2.7,2.6,MATRICULADO,CC,10/07/1995,M
1070722000,10926,2023-2,SANTIAGO,SANCHEZ,RODRIGO,ORTEGA,santiago.sanchez274@correo.edu.co,3911708084,6072246876,06/07/2023,2023-02,ECM-20232-274,NOCTURNA,PRINCIPAL,3.9,4.7,MATRICULADO,CC,30/07/1999,M
1192961662,10926,2019-1,ANDREA,ROMERO,CLAUDIA,ORTEGA,andrea.romero275@correo.edu.co,3104865827,6072266637,05/02/2019,2019-01,ECM-20191-275,DIURNA,PRINCIPAL,2.5,3.7,INSCRITO,CC,28/10/2001,F
1615118331,10929,2021-1,MONICA,CASTRO,PATRICIA,MORA,monica.castro276@correo.edu.co,3558566345,6071486363,05/02/2021,2021-01,ECM-20211-276,SABATINA,SUR,3.2,4.8,ACTIVO,CC,21/11/2003,F
1141566201,10926,2018-1,LUIS,RAMIREZ,CLAUDIA,DELGADO,luis.ramirez277@correo.edu.co,3555377716,6075951715,14/02/2018,2018-01,ECM-20181-277,SABATINA,PRINCIPAL,3.9,4.1,MATRICULADO,CC,31/05/1997,F
1146975064,18272,2021-1,JULIAN,SANCHEZ,PATRICIA,MORA,julian.sanchez278@correo.edu.co,3315686190,6076361182,12/02/2021,2021-01,ECM-20211-278,DIURNA,PRINCIPAL,3.2,4.6,ACTIVO,CC,02/05/1999,M
1572551250,18272,2023-2,LAURA,ROMERO,EDUARDO,SILVA,laura.romero279@correo.edu.co,3605707187,6073352048,10/07/2023,2023-02,ECM-20232-279,DIURNA,SUR,4.2,3.1,MATRICULADO,CC,04/03/2000,F
1363336457,10923,2020-1,SANTIAGO,VARGAS,ALBERTO,BLANCO,santiago.vargas280@correo.edu.co,3656730241,6073793621,15/02/2020,2020-01,ECM-20201-280,DIURNA,NORTE,3.7,2.9,ACTIVO,CC,13/03/1998,M
1096998744,18271,2019-1,ANDREA,DIAZ,LUCIA,NIETO,andrea.diaz281@correo.edu.co,3973324130,6071577604,14/02/2019,2019-01,ECM-20191-281,SABATINA,CENTRO,2.8,3.4,INSCRITO,CC,18/07/2001,F
1853586983,10929,2024-1,DIANA,SANCHEZ,MARCELA,PALACIOS,diana.sanchez282@correo.edu.co,3540789761,6072209395,01/02/2024,2024-01,ECM-20241-282,SABATINA,CENTRO,3.7,2.7,INSCRITO,CC,19/05/2003,F
1459104707,10924,2024-1,CAMILA,MARTINEZ,MAURICIO,VEGA,camila.martinez283@correo.edu.co,3482919773,6072427537,15/02/2024,2024-01,ECM-20241-283,NOCTURNA,CENTRO,3.0,2.9,ACTIVO,CC,26/07/2002,M
1024186104,10926,2018-2,LORENA,TORRES,ERNESTO,QUINTERO,lorena.torres284@correo.edu.co,3240280704,6077635903,09/07/2018,2018-02,ECM-20182-284,SABATINA,CENTRO,4.0,3.7,ACTIVO,CC,16/11/1995,F
1684562550,10929,2018-2,DAVID,VARGAS,BEATRIZ,MORA,david.vargas285@correo.edu.co,3615989021,6073779391,10/07/2018,2018-02,ECM-20182-285,NOCTURNA,PRINCIPAL,4.3,2.6,ACTIVO,CC,16/01/2002,F
1670669135,10924,2023-1,IVAN,MARTINEZ,MARCELA,SUAREZ,ivan.martinez286@correo.edu.co,3476868315,6077715138,07/02/2023,2023-01,ECM-20231-286,DIURNA,CENTRO,4.6,3.7,INSCRITO,CC,10/03/1999,M
1316804805,10923,2018-2,PEDRO,MORENO,RODRIGO,SUAREZ,pedro.moreno287@correo.edu.co,3612651419,6079735267,10/07/2018,2018-02,ECM-20182-287,SABATINA,NORTE,4.6,2.9,INSCRITO,CC,08/01/2002,F
1569371160,10924,2023-1,MARIA,MEDINA,MARCELA,RAMOS,maria.medina288@correo.edu.co,3192042330,6071777630,12/02/2023,2023-01,ECM-20231-288,NOCTURNA,NORTE,2.8,2.7,MATRICULADO,CC,30/07/2001,F
1850967448,10922,2023-1,JORGE,RUIZ,CRISTINA,QUINTERO,jorge.ruiz289@correo.edu.co,3465038184,6073912764,11/02/2023,2023-01,ECM-20231-289,NOCTURNA,SUR,3.6,2.5,ACTIVO,CC,25/11/1997,F
1180902730,10923,2023-2,LUIS,TORRES,HUGO,VILLAMIZAR,luis.torres290@correo.edu.co,3306743708,6075473225,11/07/2023,2023-02,ECM-20232-290,SABATINA,PRINCIPAL,2.7,4.1,MATRICULADO,CC,15/11/1997,M
1623843887,10929,2020-1,MONICA,MEDINA,HUGO,ACOSTA,monica.medina291@correo.edu.co,3597367873,6072067234,12/02/2020,2020-01,ECM-20201-291,DIURNA,NORTE,2.8,4.7,MATRICULADO,CC,21/03/1996,F
1121310921,10926,2022-1,LORENA,GOMEZ,ALBERTO,ACOSTA,lorena.gomez292@correo.edu.co,3824040261,6075703466,10/02/2022,2022-01,ECM-20221-292,NOCTURNA,CENTRO,4.8,3.7,INSCRITO,CC,10/07/1999,M
1184890130,18271,2020-1,ALEJANDRO,ALVAREZ,JOSE,VILLAMIZAR,alejandro.alvarez293@correo.edu.co,3482432682,6078835500,14/02/2020,2020-01,ECM-20201-293,SABATINA,CENTRO,4.9,3.3,ACTIVO,CC,03/08/1998,M
1099900768,10929,2024-1,LORENA,MEDINA,CRISTINA,MENDOZA,lorena.medina294@correo.edu.co,3983046784,6072097745,13/02/2024,2024-01,ECM-20241-294,NOCTURNA,NORTE,4.1,3.5,MATRICULADO,CC,30/12/1998,M
1754323534,18272,2018-2,HECTOR,ALVAREZ,ELENA,REYES,hector.alvarez295@correo.edu.co,3213647006,6073808431,08/07/2018,2018-02,ECM-20182-295,SABATINA,CENTRO,4.0,4.8,INSCRITO,CC,05/02/2002,F
1624690190,10925,2024-1,SERGIO,GOMEZ,VICTORIA,ORTEGA,sergio.gomez296@correo.edu.co,3747086555,6071216851,02/02/2024,2024-01,ECM-20241-296,DIURNA,NORTE,3.6,3.2,ACTIVO,CC,08/08/1997,M
1312660056,18272,2023-2,SEBASTIAN,ALVAREZ,TERESA,RAMOS,sebastian.alvarez297@correo.edu.co,3995883051,6072299606,14/07/2023,2023-02,ECM-20232-297,DIURNA,NORTE,4.6,4.5,ACTIVO,CC,02/02/2002,M
1757434311,18271,2022-1,CAROLINA,SANCHEZ,LUCIA,MENDOZA,carolina.sanchez298@correo.edu.co,3877837635,6074391714,07/02/2022,2022-01,ECM-20221-298,NOCTURNA,CENTRO,3.2,3.7,ACTIVO,CC,25/07/1998,M
1057767598,18271,2023-2,SEBASTIAN,ALVAREZ,ISABEL,QUINTERO,sebastian.alvarez299@correo.edu.co,3237080552,6074145278,02/07/2023,2023-02,ECM-20232-299,DIURNA,PRINCIPAL,4.0,3.1,INSCRITO,CC,17/09/2000,F
1581320551,10923,2020-1,NATALIA,JIMENEZ,ALBERTO,MORA,natalia.jimenez300@correo.edu.co,3316735034,6075060564,07/02/2020,2020-01,ECM-20201-300,SABATINA,SUR,3.2,4.5,MATRICULADO,CC,09/01/2002,M